Tail,Head,Capacity
79,33,2
90,42,5
82,38,1
40,41,3
6,48,0
92,88,1
17,94,3
58,95,2
9,90,0
83,39,2
50,91,0
75,35,0
52,51,4
93,52,1
44,47,2
2,50,3
86,49,5
4,96,3
78,45,5
97,58,0
36,48,3
96,99,5
55,61,5
88,95,0
63,38,1
82,51,4
29,45,4
21,41,0
6,61,5
64,2,1
22,5,4
14,1,3
74,52,1
25,47,3
66,48,4
65,3,5
32,55,0
51,68,0
35,60,5
15,2,0
1,67,3
67,49,1
26,11,4
18,7,2
70,54,3
17,48,1
36,61,1
9,44,0
47,70,2
11,4,2
52,5,4
44,1,5
10,8,4
54,51,3
97,12,0
74,65,4
98,13,3
82,5,5
48,12,2
58,62,2
9,57,5
50,58,3
69,71,0
94,15,4
25,1,2
44,14,0
30,79,1
34,6,5
39,84,4
12,67,1
67,3,2
31,80,1
4,63,0
78,12,2
36,15,0
55,28,5
47,24,5
88,62,3
13,68,4
5,27,2
63,5,4
29,12,2
21,8,0
40,21,4
92,68,2
6,28,3
58,75,5
50,71,1
80,93,1
27,87,1
74,19,4
19,83,5
93,32,0
85,28,1
30,92,4
32,22,5
2,30,3
35,27,4
95,78,4
87,74,0
86,29,3
59,12,2
4,76,1
72,94,2
78,25,2
64,90,2
70,21,2
89,34,2
17,15,4
9,11,2
55,41,4
22,93,1
5,40,2
38,74,3
57,87,3
63,18,2
49,83,0
29,25,1
7,86,2
26,99,5
73,31,2
39,38,4
31,34,0
91,85,3
8,87,0
0,83,3
60,97,3
52,93,5
13,22,4
85,41,3
32,35,2
24,31,0
84,82,3
16,27,4
43,44,2
95,91,2
37,86,2
56,99,2
58,29,3
3,93,1
69,38,2
79,88,1
30,46,3
82,93,3
7,99,3
81,48,0
73,44,3
12,34,5
4,30,5
91,98,0
83,94,0
96,33,4
88,29,3
13,35,4
24,44,5
65,45,5
76,54,0
26,53,5
92,35,0
37,99,0
77,55,4
80,60,1
0,37,3
19,50,2
71,97,4
30,59,3
63,93,1
51,2,0
84,36,1
54,44,4
87,41,1
12,47,1
4,43,2
96,46,4
55,8,1
22,60,2
88,42,2
47,4,0
5,7,3
76,67,1
49,50,3
68,63,2
7,53,0
26,66,4
50,51,5
91,52,5
0,50,5
11,59,5
52,60,2
51,15,0
84,49,1
35,7,3
34,48,4
3,60,3
69,5,5
14,69,3
80,14,1
46,58,2
49,63,5
82,60,3
62,2,2
48,67,1
73,11,2
18,75,2
12,1,1
91,65,4
83,61,3
75,57,2
60,77,0
33,60,4
13,2,5
24,11,1
65,12,0
10,76,3
57,8,5
2,72,5
86,71,2
92,2,4
37,66,3
58,9,3
89,76,3
50,5,3
61,14,4
0,4,3
98,81,1
90,77,4
63,60,3
82,73,2
54,11,2
21,63,1
40,76,1
95,12,0
87,8,3
20,18,4
6,83,0
4,10,2
75,70,5
41,77,2
88,9,5
25,69,1
44,82,3
85,83,0
65,25,5
51,90,4
49,17,4
68,30,3
26,33,0
67,71,3
86,84,2
18,29,1
59,67,0
97,93,4
70,76,2
50,18,0
36,83,0
83,15,2
28,79,0
0,17,2
5,95,3
63,73,0
95,25,4
40,89,5
81,90,1
73,86,1
6,96,2
53,28,4
72,41,4
37,20,5
22,40,0
85,96,4
13,77,1
32,90,0
38,21,3
24,86,3
49,30,0
90,31,2
82,27,5
15,37,2
26,46,0
70,89,1
28,92,5
69,93,1
75,24,1
94,37,0
60,44,2
10,43,0
2,39,5
54,86,3
73,99,0
34,28,4
12,89,1
86,38,2
97,47,1
55,50,2
66,96,1
79,35,2
24,99,1
98,48,2
16,95,2
63,27,2
92,90,0
6,50,0
75,37,1
8,96,1
25,36,3
44,49,4
10,56,2
89,56,3
36,50,2
28,46,4
88,97,5
47,59,1
29,47,0
81,57,4
6,63,0
72,8,2
64,4,1
22,7,1
93,67,5
32,57,2
51,70,2
57,1,3
98,2,2
43,66,2
35,62,4
15,4,1
26,13,5
18,9,3
17,50,4
36,63,1
28,59,2
47,72,4
80,69,2
60,11,2
5,75,1
52,7,3
62,57,0
81,70,3
54,53,5
86,5,5
3,7,1
96,55,5
66,63,0
79,2,0
43,79,5
16,62,5
35,75,2
9,59,3
69,73,2
80,82,5
41,11,3
27,76,3
33,7,5
52,20,0
93,21,1
44,16,0
85,17,5
30,81,1
10,23,4
51,24,1
2,19,0
54,66,1
20,73,4
86,18,0
72,83,5
78,14,3
88,64,4
79,15,1
65,80,2
57,76,0
63,7,1
68,85,3
29,14,0
15,79,5
21,10,4
40,23,5
92,70,3
58,77,4
50,73,4
69,86,0
61,82,0
8,76,5
0,72,0
19,85,0
25,16,5
66,17,4
11,81,0
32,24,2
51,37,1
43,33,0
35,29,3
67,18,1
12,82,1
53,83,5
4,78,1
45,79,2
56,88,2
36,30,0
9,13,2
28,26,3
80,36,0
46,80,1
65,93,2
98,90,5
21,23,1
7,88,0
54,20,1
18,97,2
20,27,4
39,40,3
31,36,4
8,89,2
0,85,4
60,99,3
52,95,1
24,33,4
43,46,0
16,29,5
87,89,0
1,49,0
45,92,4
92,24,1
17,30,2
3,95,3
9,26,1
77,44,4
69,40,2
80,49,3
19,39,2
79,90,3
30,48,0
71,86,2
90,99,5
62,37,0
54,33,4
40,98,5
73,46,0
39,53,0
72,50,2
23,45,3
83,96,1
41,99,3
33,95,0
13,37,0
46,34,2
16,42,4
76,56,4
68,52,1
15,46,2
26,55,5
92,37,0
50,40,3
69,53,1
42,36,3
0,39,4
11,48,5
63,95,2
51,4,5
21,98,5
1,3,1
12,49,4
4,45,0
45,46,3
56,55,0
96,48,4
14,58,0
88,44,2
38,43,2
98,57,0
49,52,3
81,4,1
31,3,4
75,46,4
94,59,2
0,52,1
74,1,0
60,66,0
11,61,4
32,4,3
84,51,3
1,16,1
87,56,0
53,63,4
45,59,2
64,72,3
56,68,4
97,69,0
3,62,1
77,11,5
22,75,5
69,7,4
61,3,1
80,16,2
90,66,3
7,68,4
48,69,2
31,16,5
94,72,3
96,2,2
41,66,5
25,58,5
65,14,2
10,78,0
16,9,4
2,74,4
68,19,2
37,68,1
78,69,4
97,82,2
58,11,4
3,75,1
50,7,3
69,20,0
36,72,2
42,3,1
55,85,1
8,10,1
27,23,4
0,6,2
79,70,4
71,66,3
63,62,5
82,75,0
84,5,0
29,69,0
21,65,2
87,10,4
12,16,3
53,17,0
4,12,3
72,30,0
22,29,4
33,75,0
93,89,1
32,79,4
38,10,2
51,92,0
2,87,3
67,73,3
78,82,4
70,78,0
91,21,2
47,94,4
8,23,5
94,26,4
75,13,2
84,18,1
21,78,4
62,79,5
81,92,2
87,23,0
73,88,5
34,17,1
39,95,4
45,26,1
31,91,0
37,22,1
56,35,0
3,29,4
22,42,5
74,89,3
66,85,2
85,98,0
79,24,3
98,37,4
71,20,1
16,84,5
18,44,1
91,34,4
9,81,2
83,30,5
28,94,0
94,39,4
44,38,5
2,41,2
62,92,0
34,30,2
20,95,5
67,27,3
86,40,5
37,35,1
78,36,2
3,42,2
14,51,2
47,48,3
90,46,5
29,36,2
48,49,5
21,32,0
40,45,2
50,95,2
0,94,4
33,42,2
93,56,5
51,59,5
2,54,3
76,3,2
43,55,0
87,98,3
67,40,1
26,2,3
86,53,3
59,36,3
78,49,1
89,58,1
17,39,5
36,52,2
55,65,3
28,48,2
47,61,5
5,64,5
63,42,1
29,49,2
21,45,2
40,58,1
81,59,2
6,65,1
72,10,3
39,62,3
64,6,3
22,9,5
14,5,5
13,46,2
32,59,1
98,4,1
43,68,4
35,64,2
15,6,0
1,71,1
48,3,0
17,52,2
91,1,3
9,48,1
28,61,5
5,77,3
52,9,2
2,8,5
39,75,1
31,71,0
78,3,0
14,18,5
13,59,1
24,68,1
98,17,0
16,64,1
35,77,1
68,74,2
29,3,4
48,16,5
6,19,0
92,59,1
58,66,4
9,61,5
69,75,4
61,71,1
41,13,0
8,65,0
27,78,3
74,10,3
44,18,5
85,19,4
51,26,5
43,22,5
54,68,5
12,71,2
86,20,1
31,84,3
72,85,5
64,81,4
70,12,4
36,19,2
55,32,0
88,66,1
47,28,5
46,69,0
5,31,0
65,82,3
63,9,3
76,91,0
29,16,0
15,81,5
21,12,5
7,77,1
81,26,0
26,90,2
73,22,2
18,86,4
39,29,3
50,75,3
91,76,5
8,78,4
94,81,0
27,91,0
74,23,4
60,88,1
66,19,3
93,36,4
51,39,0
24,22,2
84,73,5
95,82,1
87,78,2
53,85,4
72,98,3
4,80,1
45,81,5
37,77,3
70,25,2
17,19,2
69,29,2
80,38,4
5,44,2
46,82,2
38,78,4
57,91,4
49,87,0
62,26,0
7,90,1
54,22,5
39,42,3
31,38,5
91,89,2
23,34,1
0,87,0
41,88,4
96,24,2
33,84,3
65,36,0
16,31,0
76,45,2
1,51,2
45,94,0
92,26,0
37,90,4
3,97,2
9,28,1
69,42,5
61,38,2
19,41,3
79,92,5
11,37,2
30,50,1
82,97,3
29,91,2
54,35,3
20,42,1
31,51,4
4,34,3
83,98,1
75,94,2
96,37,0
88,33,4
65,49,5
38,32,3
76,58,3
15,48,1
26,57,0
67,95,0
50,42,0
94,48,1
27,58,0
0,41,4
60,55,5
30,63,4
63,97,0
51,6,2
84,40,0
95,49,5
87,45,3
1,5,3
53,52,5
72,65,1
4,47,3
64,61,5
22,64,4
88,46,3
80,5,1
57,58,0
98,59,2
49,54,2
7,57,3
81,6,0
26,70,0
18,66,1
39,9,0
31,5,4
23,1,5
83,52,2
75,48,5
94,61,2
0,54,1
60,68,3
33,51,1
44,60,2
32,6,0
24,2,0
2,63,0
53,65,3
45,61,0
37,57,0
56,70,5
89,67,5
77,13,4
22,77,5
69,9,0
80,18,1
27,12,0
79,59,0
30,17,0
71,55,0
63,51,1
29,58,3
48,71,0
95,3,4
40,67,0
20,9,5
6,74,2
72,19,5
83,65,1
96,4,3
46,3,0
65,16,5
10,80,2
2,76,4
76,25,0
49,8,4
86,75,0
18,20,0
59,58,5
97,84,3
58,13,2
89,80,3
50,9,5
36,74,0
42,5,1
55,87,4
28,70,2
47,83,3
8,12,1
0,8,2
11,17,5
63,64,0
84,7,4
29,71,5
48,84,5
21,67,2
95,16,0
6,87,4
4,14,5
45,15,2
72,32,4
56,24,5
88,13,0
93,91,0
25,73,3
85,87,3
38,12,5
68,34,2
1,93,3
18,33,1
70,80,5
17,74,0
36,87,1
77,88,4
83,19,2
75,15,5
0,21,5
60,35,1
21,80,1
62,81,2
54,77,2
87,25,1
20,84,2
45,28,2
97,38,5
3,31,4
22,44,3
74,91,3
66,87,3
13,81,0
32,94,1
24,90,4
71,22,0
16,86,4
90,35,4
7,37,1
40,34,2
92,81,5
17,87,4
83,32,2
69,97,2
61,93,1
33,31,2
25,27,0
10,47,3
62,94,5
20,97,1
12,93,0
78,38,1
70,34,2
96,92,2
47,50,2
79,39,1
16,99,5
49,96,1
82,44,0
29,38,5
48,51,4
92,94,3
50,97,3
74,45,1
25,40,5
66,41,1
85,54,2
32,48,0
43,57,0
68,1,4
1,60,1
67,42,1
26,4,2
70,47,5
17,41,4
55,67,5
28,50,2
60,2,3
10,1,1
29,51,2
62,48,2
81,61,0
39,64,0
64,8,0
97,5,0
22,11,3
14,7,0
32,61,3
51,74,0
24,57,5
98,6,3
43,70,5
90,2,2
48,5,1
40,1,4
17,54,0
77,68,1
28,63,2
69,64,4
61,60,0
60,15,3
27,67,4
52,11,4
30,72,3
2,10,0
81,74,4
39,77,0
12,60,5
78,5,4
23,69,1
55,21,3
5,20,2
71,2,1
57,67,4
76,80,0
48,18,5
92,61,2
6,21,1
58,68,2
50,64,4
42,60,1
61,73,4
80,86,3
27,80,2
0,63,1
74,12,4
25,7,0
11,72,1
85,21,3
43,24,2
54,70,5
12,73,0
53,74,0
59,5,3
78,18,1
23,82,0
64,83,1
70,14,1
89,27,4
22,86,3
28,17,1
55,34,4
88,68,5
65,84,3
38,67,5
57,80,3
76,93,1
49,76,2
68,89,4
29,18,2
62,15,2
7,79,5
81,28,0
73,24,2
39,31,2
42,73,1
74,25,1
11,85,1
85,34,0
32,28,2
51,41,4
1,40,5
34,74,2
53,87,4
45,83,3
92,15,5
37,79,1
56,92,5
58,22,3
3,86,1
77,35,5
22,99,5
28,30,2
69,31,1
61,27,1
80,40,4
27,34,5
30,39,5
62,28,5
48,93,5
54,24,3
20,31,4
39,44,4
31,40,2
4,23,5
23,36,1
75,83,3
94,96,2
41,90,1
52,99,4
24,37,1
65,38,5
16,33,3
57,34,1
76,47,3
68,43,3
45,96,4
86,97,0
92,28,1
37,92,2
3,99,5
77,48,4
8,34,4
0,30,4
19,43,1
71,90,4
30,52,0
82,99,3
29,93,0
95,38,0
87,34,0
4,36,2
75,96,4
55,1,5
25,95,0
65,51,0
49,43,5
67,97,4
59,93,4
6,1,1
50,44,5
91,45,5
42,40,3
94,50,5
11,52,0
85,1,4
63,99,0
84,42,2
43,4,0
1,7,0
34,41,0
72,67,2
45,50,5
64,63,0
37,46,4
56,59,1
3,53,4
46,51,1
5,13,1
38,47,2
79,48,1
48,60,1
18,68,5
31,7,4
91,58,5
23,3,1
75,50,3
94,63,2
60,70,1
33,53,5
52,66,5
44,62,3
24,4,4
65,5,3
2,65,4
1,20,1
86,64,5
58,2,1
3,66,2
69,11,4
14,75,3
80,20,2
8,1,4
19,10,3
79,61,2
11,6,3
71,57,0
90,70,3
82,66,2
21,56,4
20,11,3
12,7,3
72,21,1
4,3,1
96,6,2
41,70,2
88,2,2
38,1,4
10,82,2
57,14,3
49,10,2
68,23,5
59,60,1
17,63,3
50,11,2
55,89,4
94,17,3
60,24,1
5,88,3
11,19,1
71,70,2
30,32,2
84,9,4
29,73,0
21,69,4
40,82,5
34,8,0
53,21,1
4,16,3
45,17,3
64,30,4
37,13,2
56,26,4
3,20,4
22,33,0
74,80,0
66,76,2
32,83,2
57,27,0
98,28,5
26,39,3
18,35,3
70,82,2
17,76,1
91,25,0
36,89,3
9,72,5
83,21,1
75,17,4
60,37,0
33,20,0
2,32,3
62,83,4
34,21,4
39,99,1
45,30,0
86,31,0
89,36,3
22,46,3
14,42,1
66,89,3
98,41,3
16,88,5
63,20,4
82,33,1
48,40,5
92,83,4
58,90,1
9,85,0
50,86,5
69,99,1
42,82,4
61,95,2
93,47,0
2,45,5
62,96,5
12,95,5
59,27,4
4,91,0
78,40,4
97,53,2
70,36,4
89,49,4
36,43,1
46,93,3
38,89,5
82,46,2
49,98,2
21,36,5
6,56,2
50,99,4
0,98,1
74,47,3
93,60,4
66,43,3
25,42,1
24,46,0
84,97,4
26,6,5
67,44,2
18,2,4
59,40,1
9,39,0
28,52,5
80,62,4
5,68,1
10,3,4
62,50,5
81,63,3
54,46,0
53,1,3
23,58,2
56,6,2
89,3,0
74,60,3
66,56,1
13,50,5
32,63,0
98,8,0
43,72,0
16,55,1
35,68,3
40,3,5
6,10,3
58,57,1
80,75,3
41,4,3
27,69,0
44,9,3
30,74,3
2,12,2
54,59,2
12,62,4
86,11,2
31,75,5
72,76,1
97,20,3
70,3,5
55,23,4
88,57,5
79,8,0
46,60,0
65,73,4
57,69,3
49,65,4
82,13,3
68,78,4
21,3,2
40,16,5
81,17,2
26,81,3
6,23,3
58,70,3
69,79,5
42,62,3
8,69,1
0,65,5
74,14,4
19,78,2
66,10,4
85,23,0
51,30,3
24,13,3
43,26,4
35,22,0
12,75,4
4,71,5
78,20,3
72,89,2
64,85,3
56,81,0
36,23,1
9,6,3
22,88,1
28,19,5
80,29,3
65,86,0
38,69,3
57,82,5
98,83,3
49,78,5
21,16,0
7,81,5
54,13,4
26,94,3
39,33,5
31,29,3
91,80,1
23,25,4
42,75,0
83,76,5
75,72,2
74,27,5
60,92,1
66,23,4
32,30,5
84,77,2
76,36,2
87,82,0
53,89,4
64,98,4
9,19,1
14,97,3
61,29,2
80,42,3
38,82,5
71,79,1
90,92,2
82,88,3
7,94,1
54,26,3
73,39,2
39,46,2
31,42,4
72,43,2
23,38,3
94,98,3
41,92,0
13,30,5
44,97,1
46,27,1
65,40,4
16,35,5
57,36,0
49,32,3
34,89,3
67,86,2
86,99,1
92,30,0
37,94,4
78,95,2
70,91,5
58,37,0
61,42,1
8,36,1
30,54,4
71,92,4
21,91,5
95,40,4
12,42,1
4,38,2
64,52,1
55,3,5
22,55,2
5,2,4
65,53,1
98,50,4
49,45,5
68,58,0
7,48,1
26,61,3
67,99,4
18,57,0
91,47,2
9,94,5
83,43,5
75,39,4
8,49,0
0,45,4
41,46,2
60,59,4
11,54,4
51,10,1
84,44,0
43,6,0
95,53,4
1,9,5
87,49,5
53,56,3
37,48,5
56,61,2
97,62,3
22,68,4
80,9,1
38,49,4
79,50,5
98,63,3
30,8,0
90,59,2
82,55,3
7,61,3
39,13,0
31,9,1
23,5,5
75,52,1
94,65,4
41,59,3
60,72,0
25,51,0
44,64,5
24,6,4
16,2,0
76,16,2
68,12,1
37,61,5
78,62,5
97,75,1
70,58,5
3,68,1
89,71,4
77,17,2
58,4,1
55,78,1
80,22,4
8,3,2
27,16,1
19,12,4
71,59,0
90,72,3
63,55,1
29,62,5
48,75,2
87,3,0
12,9,1
4,5,1
23,18,4
96,8,4
25,64,3
66,65,0
65,20,2
10,84,3
51,85,1
57,16,1
49,12,0
68,25,3
7,15,3
67,66,5
86,79,4
59,62,3
78,75,3
70,71,2
91,14,4
36,78,1
28,74,2
47,87,0
19,25,2
5,90,3
11,21,1
52,22,1
63,68,3
29,75,5
21,71,0
81,85,5
39,88,2
72,36,3
45,19,3
37,15,3
56,28,0
22,35,0
14,31,5
85,91,2
32,85,2
79,17,0
51,98,4
43,94,1
49,25,3
16,77,0
90,26,0
15,32,0
1,97,4
48,29,5
17,78,0
91,27,3
77,92,1
28,87,3
69,88,1
94,32,3
41,26,3
33,22,2
52,35,1
25,18,2
2,34,4
62,85,1
54,81,5
73,94,3
86,33,4
78,29,4
97,42,1
55,45,1
96,83,3
88,79,0
47,41,0
13,85,0
79,30,0
24,94,3
98,43,1
71,26,2
65,95,3
90,39,2
63,22,3
82,35,1
40,38,5
6,45,1
92,85,2
42,84,4
75,32,4
8,91,3
41,39,3
93,49,0
25,31,2
11,96,3
85,45,1
43,48,2
86,46,2
78,42,0
97,55,5
17,32,5
36,45,3
55,58,0
28,41,4
47,54,1
5,57,3
71,39,1
29,42,3
21,38,3
73,48,5
6,58,1
39,55,3
72,3,4
42,97,1
22,2,4
66,45,4
32,52,0
51,65,1
84,99,2
43,61,4
36,58,1
69,55,2
80,64,4
60,6,2
5,70,3
10,5,1
2,1,0
81,65,4
73,61,0
20,55,1
12,51,2
31,64,4
23,60,4
3,2,4
14,11,4
55,12,0
47,8,1
13,52,3
32,65,1
90,6,4
82,2,5
68,67,4
92,52,1
6,12,2
58,59,0
9,54,0
42,51,3
61,64,1
80,77,5
41,6,3
8,58,4
27,71,5
10,18,3
51,19,3
2,14,0
43,15,4
62,65,5
54,61,4
20,68,0
12,64,5
78,9,3
97,22,4
70,5,0
55,25,0
28,8,4
88,59,3
46,62,2
5,24,1
71,6,5
76,84,5
29,9,3
15,74,2
7,70,5
26,83,0
73,15,0
6,25,2
18,79,0
92,65,5
58,72,2
91,69,5
94,74,5
27,84,3
66,12,1
85,25,0
51,32,0
35,24,0
95,75,3
87,71,2
67,13,4
34,65,3
53,78,0
72,91,5
45,74,0
56,83,2
17,12,0
3,77,4
77,26,5
9,8,1
28,21,2
69,22,3
88,72,2
14,86,1
36,25,3
46,75,3
49,80,5
90,81,1
7,83,4
81,32,2
73,28,4
20,22,5
39,35,5
91,82,3
23,27,1
0,80,2
66,25,3
52,90,3
13,19,3
84,79,3
16,24,1
87,84,5
56,96,0
3,90,4
77,39,2
89,93,4
80,44,3
19,34,2
71,81,0
90,94,5
63,77,0
82,90,4
29,84,2
48,97,2
40,93,1
12,31,5
31,44,0
72,45,2
83,91,4
41,94,5
88,26,1
25,86,5
38,25,0
57,38,3
49,34,5
68,47,4
67,88,0
18,46,1
58,39,2
70,93,1
50,35,5
91,36,2
42,31,5
61,44,3
28,96,1
27,51,4
0,34,0
19,47,0
79,98,5
11,43,2
30,56,1
63,90,0
84,33,2
29,97,3
53,45,3
4,40,1
45,41,1
64,54,3
25,99,0
5,4,4
46,42,2
98,52,1
90,48,1
7,50,2
59,97,0
18,59,5
39,2,1
91,49,1
9,96,0
0,47,3
41,48,2
44,53,5
35,4,4
76,5,2
1,11,2
87,51,4
34,45,4
86,55,0
56,63,4
97,64,3
69,2,3
80,11,0
27,5,5
19,1,1
79,52,0
98,65,1
30,10,2
71,48,3
63,44,3
82,57,5
48,64,4
73,8,1
72,12,5
83,58,4
41,61,3
44,66,5
16,4,0
2,69,3
76,18,5
49,1,0
15,8,3
78,64,5
97,77,1
70,60,1
58,6,4
89,73,5
50,2,1
55,80,0
8,5,4
79,65,0
30,23,1
82,70,0
48,77,4
87,5,1
6,80,2
12,11,4
53,12,0
64,21,5
22,24,0
66,67,5
65,22,0
38,5,2
51,87,0
57,18,4
2,82,2
43,83,4
49,14,3
15,21,2
67,68,4
18,26,4
78,77,0
9,63,2
83,12,1
47,89,5
0,14,5
5,92,5
10,27,3
95,22,5
62,74,5
87,18,0
73,83,4
34,12,2
39,90,0
45,21,2
31,86,5
56,30,1
97,31,5
3,24,4
22,37,1
74,84,2
66,80,2
13,74,5
38,18,5
35,92,0
82,24,2
1,99,0
40,27,2
92,74,2
6,34,3
17,80,0
91,29,5
9,76,2
83,25,3
28,89,2
69,90,1
75,21,1
61,86,4
94,34,3
80,99,2
60,41,2
27,93,4
93,38,3
25,20,2
30,98,2
2,36,3
73,96,0
12,86,1
86,35,5
37,30,3
78,31,2
96,85,4
47,43,4
79,32,5
5,46,1
24,96,0
71,28,2
63,24,1
29,31,4
48,44,5
6,47,4
58,94,0
42,86,0
8,93,3
33,37,1
74,38,1
66,34,4
85,47,3
32,41,1
2,49,3
43,50,2
35,46,4
87,93,4
67,35,3
12,99,2
59,31,1
4,95,2
89,53,1
17,34,3
9,30,0
28,43,3
46,97,2
63,37,4
29,44,1
21,40,0
73,50,4
39,57,1
66,47,1
85,60,3
32,54,4
51,67,2
92,41,2
58,48,2
77,61,1
69,57,2
94,1,3
2,3,0
62,54,1
73,63,3
86,2,0
31,66,5
36,1,3
88,48,3
24,63,5
16,59,4
57,60,2
90,8,3
68,69,5
48,11,3
26,72,5
58,61,4
77,74,4
50,57,4
80,79,3
8,60,4
27,73,0
0,56,4
74,5,0
19,69,0
93,18,4
30,78,0
32,8,0
2,16,5
20,70,0
53,67,1
86,15,5
23,75,4
64,76,2
70,7,2
56,72,0
22,79,1
28,10,1
55,27,1
47,23,2
38,60,2
57,73,2
68,82,5
29,11,4
7,72,2
81,21,1
73,17,3
18,81,0
39,24,5
42,66,0
83,67,0
0,69,2
19,82,2
11,78,3
13,8,5
32,21,5
43,30,5
16,13,1
35,26,1
59,11,0
37,72,3
3,79,1
9,10,4
77,28,5
22,92,0
14,88,1
80,33,5
46,77,3
38,73,2
49,82,4
15,89,2
62,21,4
48,86,4
73,30,1
20,24,3
31,33,4
91,84,2
83,80,3
94,89,4
96,19,4
60,96,2
88,15,2
52,92,3
25,75,2
24,30,5
10,95,4
16,26,2
34,80,0
37,85,0
78,86,5
58,28,2
50,24,4
80,46,1
47,98,1
27,40,3
11,32,5
30,45,2
71,83,4
82,92,5
84,22,1
48,99,1
21,82,1
54,30,3
40,95,0
87,27,3
20,37,3
64,43,3
96,32,5
41,96,0
88,28,2
65,44,3
38,27,2
57,40,2
68,49,4
26,52,2
70,95,3
91,38,1
42,33,4
27,53,3
19,49,0
11,45,4
30,58,3
63,92,5
29,99,1
21,95,0
95,44,5
64,56,2
37,39,5
56,52,3
46,44,1
5,6,2
98,54,0
15,56,0
81,1,5
59,99,0
52,59,3
32,1,0
44,55,3
10,62,4
35,6,5
34,47,3
37,52,5
77,8,5
22,72,1
71,50,1
90,63,4
63,46,3
62,1,5
48,66,1
31,13,3
72,14,4
23,9,1
64,10,4
75,56,5
52,72,5
25,55,5
10,75,1
57,7,3
76,20,0
49,3,3
68,16,4
15,10,2
7,6,1
26,19,2
67,57,3
86,70,1
92,1,3
59,53,1
78,66,1
18,15,4
97,79,0
58,8,3
55,82,1
28,65,2
8,7,4
19,16,1
11,12,2
84,2,2
48,79,3
81,76,5
87,7,3
6,82,5
53,14,0
4,9,4
64,23,1
37,6,4
56,19,1
88,8,4
74,73,4
93,86,5
85,82,4
46,11,5
32,76,2
38,7,5
57,20,1
43,85,1
49,16,4
35,81,4
15,23,2
7,19,3
59,66,4
70,75,4
17,69,2
9,65,1
75,10,3
94,23,5
0,16,1
33,13,5
52,26,3
44,22,4
21,75,5
53,27,1
39,92,2
37,19,3
56,32,5
3,26,2
22,39,4
55,36,2
32,89,3
24,85,3
98,34,3
43,98,0
16,81,0
63,13,4
82,26,1
29,20,4
92,76,3
58,83,5
77,96,3
50,79,2
83,27,2
9,78,3
27,95,1
19,91,3
93,40,4
44,35,5
2,38,4
54,85,3
73,98,4
20,92,0
12,88,5
86,37,3
59,20,5
78,33,1
70,29,2
47,45,2
13,89,5
71,30,3
57,95,4
82,39,4
49,91,0
15,98,0
40,42,3
81,43,4
58,96,4
42,88,4
0,91,1
32,43,5
51,56,5
43,52,0
35,48,0
59,33,1
45,98,5
9,32,0
28,45,1
47,58,3
88,96,4
46,99,2
81,56,4
73,52,2
20,46,0
39,59,3
31,55,3
75,98,1
74,53,5
66,49,1
24,52,1
16,48,0
35,61,1
76,62,2
1,68,5
17,49,4
58,50,4
77,63,1
50,46,4
9,45,2
69,59,4
80,68,2
27,62,0
52,6,0
44,2,0
85,3,4
30,67,0
2,5,1
62,56,5
20,59,1
39,72,1
23,64,0
97,13,5
36,3,1
55,16,1
96,54,1
47,12,5
88,50,2
13,56,4
46,53,5
65,66,4
16,61,0
76,75,2
49,58,4
68,71,2
48,13,3
26,74,1
92,56,3
18,70,4
69,72,5
61,68,1
27,75,5
0,58,0
74,7,1
19,71,5
93,20,4
11,67,4
85,16,5
84,57,2
35,15,4
95,66,0
87,62,3
67,4,3
12,68,0
53,69,0
56,74,1
17,3,0
36,16,2
96,67,1
28,12,3
47,25,4
88,63,3
5,28,3
38,62,2
57,75,2
68,84,0
62,10,3
7,74,4
54,6,0
26,87,1
73,19,5
18,83,4
31,22,3
83,69,3
75,65,4
94,78,5
74,20,0
66,16,2
11,80,1
13,10,5
87,75,2
1,35,0
34,69,3
53,82,3
92,10,4
37,74,3
17,16,2
58,17,5
3,81,0
9,12,1
50,13,4
97,88,5
69,26,2
77,30,3
80,35,2
27,29,0
38,75,3
71,72,4
90,85,4
7,87,1
54,19,1
40,84,4
20,26,1
4,18,4
23,31,3
96,21,5
60,98,4
13,23,5
65,33,0
57,29,1
2,93,1
86,92,1
92,23,2
58,30,5
89,97,2
50,26,1
36,91,5
69,39,0
42,22,3
27,42,4
19,38,4
79,89,0
90,98,3
82,94,4
95,33,3
40,97,0
53,36,2
4,31,0
23,44,0
22,48,5
88,30,2
33,94,2
74,95,4
46,33,5
32,98,4
38,29,0
65,46,2
76,55,3
49,38,5
68,51,3
67,92,4
18,50,5
42,35,3
83,36,0
8,42,5
94,45,1
0,38,4
19,51,3
60,52,3
63,94,2
84,37,2
62,98,0
34,36,3
72,62,1
37,41,5
22,61,3
80,2,0
38,42,3
79,43,4
30,1,0
90,52,4
82,48,1
15,58,3
48,55,3
81,3,2
18,63,3
39,6,4
91,53,1
83,49,2
75,45,1
60,65,2
33,48,4
52,61,4
10,64,3
2,60,1
34,49,5
86,59,5
97,68,1
89,64,0
14,70,0
55,71,3
47,67,1
79,56,4
71,52,2
30,14,2
90,65,3
48,68,2
53,3,3
72,16,3
23,11,2
64,12,0
56,8,5
33,61,1
93,75,3
44,70,2
85,71,4
10,77,4
57,9,5
43,74,0
49,5,2
15,12,0
67,59,2
86,72,4
59,55,2
18,17,1
78,68,4
97,81,5
70,64,1
50,6,0
17,58,5
36,71,5
83,3,2
47,80,4
8,9,0
52,15,3
63,61,4
29,68,2
95,13,5
81,78,3
87,9,0
73,74,0
53,16,3
72,29,3
39,81,2
45,12,0
56,21,5
3,15,3
14,24,0
93,88,0
66,71,4
13,65,1
79,10,4
24,74,1
51,91,0
43,87,2
49,18,1
82,15,3
15,25,5
7,21,0
48,22,3
36,84,4
77,85,5
83,16,4
75,12,3
41,19,2
60,32,4
5,96,5
44,24,0
10,31,1
2,27,5
81,91,2
34,16,3
39,94,4
23,86,4
97,35,0
3,28,5
89,31,2
55,38,3
79,23,3
24,87,5
65,88,5
16,83,0
90,32,3
76,97,3
68,93,2
29,22,3
48,35,5
92,78,5
58,85,4
77,98,3
9,80,3
75,25,2
42,77,1
41,32,3
19,93,1
93,42,2
44,37,2
2,40,0
95,88,1
20,94,1
67,26,5
12,90,2
86,39,1
78,35,2
97,48,5
89,44,1
17,25,0
36,38,2
55,51,5
28,34,4
96,89,4
5,50,4
38,84,5
71,32,5
57,97,2
21,31,4
73,41,2
50,94,4
8,97,4
0,93,5
13,32,3
51,58,4
24,41,4
35,50,2
59,35,1
4,99,5
9,34,3
77,52,5
28,47,0
69,48,0
5,63,0
73,54,1
39,61,3
31,57,0
23,53,3
22,8,4
14,4,0
96,43,1
55,5,3
66,51,5
13,45,0
24,54,2
65,55,5
98,3,0
35,63,0
76,64,0
68,60,5
92,45,3
58,52,5
69,61,5
42,44,4
8,51,3
19,60,4
11,56,2
30,69,4
62,58,4
95,55,2
78,2,5
64,67,3
96,56,5
28,1,2
47,14,4
38,51,0
57,64,2
76,77,5
49,60,2
15,67,4
40,11,5
81,12,5
26,76,1
18,72,0
50,61,5
91,62,3
42,57,3
27,77,5
74,9,5
19,73,3
60,74,0
66,5,2
93,22,5
85,18,3
32,12,3
43,21,5
1,24,2
53,71,1
59,2,2
72,84,0
4,66,2
45,67,4
37,63,2
56,76,3
3,70,0
77,19,2
22,83,3
36,18,5
28,14,2
47,27,3
80,24,4
46,68,0
38,64,5
57,77,1
90,74,5
15,80,5
26,89,5
54,8,5
18,85,3
31,24,5
23,20,0
75,67,4
94,80,5
96,10,2
0,73,5
60,87,2
33,70,1
66,18,0
52,83,4
32,25,0
24,21,4
43,34,2
53,84,3
45,80,4
56,89,2
97,90,4
3,83,2
9,14,3
89,86,4
69,28,0
61,24,1
80,37,2
79,78,1
30,36,4
63,70,2
82,83,4
48,90,3
54,21,4
40,86,5
6,93,1
12,24,3
23,33,0
83,84,2
75,80,5
96,23,5
41,87,2
88,19,1
33,83,4
52,96,1
93,97,3
44,92,3
46,22,0
10,99,1
16,30,0
57,31,1
2,95,3
26,43,4
67,81,5
86,94,0
18,39,0
78,90,1
58,32,5
89,99,5
50,28,2
69,41,2
8,31,0
0,27,5
11,36,1
71,87,3
82,96,4
84,26,3
29,90,5
95,35,4
40,99,5
12,37,0
53,38,2
22,50,3
88,32,5
66,93,2
65,48,5
70,99,5
91,42,1
83,38,4
75,34,0
8,44,1
94,47,0
44,46,3
84,39,0
10,53,5
1,4,3
34,38,5
45,47,2
64,60,2
37,43,0
3,50,3
79,45,3
98,58,5
71,41,5
30,3,4
90,54,3
48,57,0
73,1,0
39,8,2
31,4,5
60,67,4
52,63,4
93,64,5
44,59,4
65,2,5
68,7,3
26,10,4
67,48,3
86,61,1
37,56,1
78,57,3
97,70,5
89,66,2
61,4,1
79,58,0
90,67,5
29,57,0
48,70,1
21,53,1
40,66,3
6,73,3
53,5,3
56,10,3
22,17,1
96,3,5
14,13,4
33,63,3
74,64,0
93,77,5
25,59,0
85,73,5
46,2,2
32,67,0
57,11,0
35,72,3
68,20,0
15,14,0
1,79,2
26,23,0
86,74,2
18,19,3
78,70,4
70,66,1
89,79,0
91,9,1
36,73,5
42,4,5
83,5,3
55,86,1
9,56,4
75,1,1
47,82,3
0,7,1
60,21,3
5,85,3
52,17,2
44,13,5
62,67,1
73,76,3
34,5,3
53,18,3
39,83,4
45,14,0
31,79,5
37,10,5
56,23,0
3,17,0
14,26,5
74,77,5
85,86,5
32,80,1
71,8,5
43,89,5
90,21,4
35,85,2
59,70,5
6,27,5
58,74,0
77,87,1
9,69,1
83,18,3
61,79,2
80,92,2
41,21,5
27,86,4
33,17,3
60,34,2
25,13,0
93,31,0
44,26,5
30,91,1
2,29,2
54,76,2
73,89,0
34,18,4
20,83,0
39,96,4
31,92,2
4,75,5
78,24,2
37,23,3
70,20,0
24,89,3
65,90,2
71,21,4
16,85,5
90,34,5
57,86,0
76,99,4
82,30,4
21,20,5
40,33,2
26,98,3
6,40,3
58,87,3
69,96,1
61,92,3
27,99,0
0,82,1
74,31,4
93,44,3
11,91,4
85,40,2
32,34,2
51,47,1
84,81,5
35,39,5
54,89,3
95,90,5
20,96,3
86,41,4
59,24,2
53,93,5
96,91,2
47,49,4
57,99,1
49,95,2
7,98,4
81,47,0
39,50,2
31,46,2
91,97,2
42,92,0
0,95,5
85,53,0
32,47,3
51,60,5
16,39,0
1,59,0
87,99,0
59,37,5
9,36,5
77,54,4
28,49,0
38,99,3
54,43,2
20,50,0
31,59,0
4,42,5
23,55,5
96,45,3
55,7,4
88,41,5
47,3,4
13,47,4
16,52,4
76,66,5
68,62,0
92,47,2
58,54,1
69,63,1
42,46,4
27,66,5
19,62,2
93,11,3
44,6,2
2,9,5
43,10,3
84,48,0
54,56,3
20,63,5
53,60,0
4,55,5
78,4,2
97,17,4
89,13,4
96,58,4
28,3,1
47,16,3
46,57,3
5,19,5
65,70,0
38,53,4
57,66,3
76,79,3
49,62,5
68,75,4
29,4,5
40,13,4
7,65,4
26,78,4
73,10,1
39,17,0
91,64,3
42,59,4
83,60,3
8,66,0
11,71,1
85,20,0
32,14,5
51,27,3
84,61,5
43,23,4
1,26,1
34,60,4
53,73,0
59,4,3
64,82,3
56,78,3
17,7,2
9,3,0
69,17,4
14,81,5
80,26,4
5,32,2
79,67,2
49,75,5
82,72,4
81,27,0
73,23,4
18,87,1
39,30,4
12,13,0
23,22,1
83,73,3
75,69,5
96,12,1
41,76,5
52,85,2
32,27,3
24,23,0
65,24,0
2,84,5
76,33,1
34,73,4
45,82,0
78,79,5
97,92,4
58,21,1
9,16,3
50,17,5
69,30,3
61,26,0
8,20,4
19,29,2
79,80,5
98,93,1
29,79,5
48,92,0
54,23,4
20,30,2
12,26,2
4,22,0
64,36,2
74,86,1
93,99,1
44,94,1
85,95,0
46,24,0
38,20,1
57,33,3
2,97,2
76,46,4
68,42,1
67,83,0
26,45,2
86,96,3
78,92,0
58,34,5
70,88,1
50,30,0
91,31,2
36,95,4
28,91,2
94,36,5
27,46,2
0,29,1
19,42,4
60,43,4
29,92,3
53,40,3
4,35,0
64,49,1
22,52,5
14,48,0
38,33,0
90,43,5
15,49,4
7,45,0
26,58,4
67,96,4
17,95,4
91,44,2
83,40,1
94,49,1
0,42,5
2,51,3
34,40,3
56,58,0
3,52,0
22,65,1
14,61,2
80,6,2
79,47,5
98,60,1
90,56,4
48,59,0
31,6,5
72,7,5
23,2,2
64,3,4
75,49,2
25,48,2
44,61,3
85,62,3
68,9,5
26,12,4
67,50,3
78,59,5
97,72,3
70,55,0
61,6,4
27,13,3
60,10,1
5,74,2
11,5,3
30,18,0
82,65,2
29,59,0
48,72,0
95,4,2
40,68,3
6,75,0
53,7,0
72,20,0
45,3,4
4,2,5
22,19,2
88,1,1
14,15,4
74,66,3
25,61,5
85,75,0
46,4,3
24,65,2
57,13,4
49,9,3
35,74,1
1,81,5
7,12,4
26,25,1
70,68,5
91,11,2
36,75,4
9,58,4
83,7,4
77,76,0
47,84,3
94,16,5
0,9,4
60,23,3
5,87,4
33,6,0
10,22,3
84,8,0
81,82,3
54,65,3
87,13,1
73,78,1
34,7,2
20,72,5
53,20,5
45,16,4
31,81,4
37,12,2
89,22,5
22,32,2
66,75,1
32,82,2
24,78,2
98,27,3
71,10,3
43,91,4
16,74,1
63,6,0
35,87,0
29,13,0
48,26,5
40,22,5
92,69,2
69,85,1
61,81,4
80,94,0
33,19,2
19,84,0
93,33,3
25,15,5
85,29,3
30,93,5
10,35,5
2,31,3
62,82,1
67,17,2
12,81,2
86,30,5
31,94,4
72,95,1
39,98,3
78,26,0
59,13,1
89,35,3
36,29,1
47,38,3
5,41,2
46,79,0
65,92,3
16,87,2
57,88,2
63,19,1
49,84,2
68,97,5
15,91,1
6,42,4
58,89,1
69,98,2
42,81,3
19,97,3
93,46,3
66,29,2
85,42,3
51,49,1
24,32,0
43,45,5
95,92,3
87,88,1
67,30,3
36,42,4
9,25,0
96,93,3
46,92,4
5,54,0
49,97,2
21,35,4
81,49,2
20,39,4
31,48,0
91,99,0
83,95,2
74,46,5
41,98,1
66,42,5
24,45,1
1,61,5
92,36,5
77,56,4
9,38,0
30,60,5
71,98,3
10,2,0
62,49,3
12,48,3
89,2,1
96,47,1
16,54,1
57,55,2
68,64,0
26,67,3
6,9,5
69,65,5
42,48,5
8,55,3
27,68,1
0,51,4
19,64,1
11,60,3
85,9,3
51,16,0
2,11,5
1,15,4
87,55,1
64,71,4
89,15,2
36,9,1
22,74,0
28,5,3
88,56,0
5,21,0
65,72,4
98,69,0
49,64,0
68,77,1
29,6,0
15,71,2
39,19,4
91,66,3
42,61,2
83,62,4
75,58,0
52,74,0
13,3,5
32,16,1
84,63,1
35,21,5
95,72,3
1,28,1
45,71,0
92,3,4
37,67,0
64,84,5
56,80,5
3,74,3
77,23,2
14,83,2
61,15,5
38,68,5
79,69,5
98,82,5
71,65,5
82,74,3
39,32,3
4,11,2
23,24,2
83,75,1
75,71,2
94,84,2
96,14,5
88,10,1
33,74,4
60,91,5
25,70,1
44,83,3
10,90,0
16,21,4
57,22,4
76,35,0
68,31,4
26,34,0
86,85,2
37,80,0
78,81,3
97,94,1
89,90,4
50,19,4
42,15,0
55,97,5
80,41,1
47,93,5
8,22,2
0,18,5
19,31,3
79,82,5
63,74,0
29,81,0
48,94,3
54,25,1
95,26,1
40,90,0
21,77,4
87,22,0
20,32,3
6,97,5
72,42,0
4,24,4
23,37,4
64,38,3
56,34,0
22,41,4
96,27,1
74,88,1
25,83,1
65,39,3
38,22,5
76,48,0
68,44,1
15,38,3
67,85,1
86,98,4
18,43,0
17,84,2
50,32,1
36,97,0
28,93,4
0,31,4
19,44,2
52,41,1
84,30,1
3,41,2
14,50,5
38,35,4
98,49,2
16,96,0
90,45,5
15,51,4
7,47,3
18,56,3
59,94,3
92,91,3
91,46,3
41,45,1
60,58,0
25,37,5
44,50,4
45,51,1
78,48,4
3,54,0
77,3,4
89,57,2
14,63,4
55,64,5
80,8,2
79,49,1
71,45,4
90,58,4
63,41,5
29,48,5
21,44,5
6,64,3
72,9,0
64,5,3
56,1,5
33,54,1
74,55,4
44,63,0
65,6,4
51,71,5
57,2,5
43,67,3
76,15,4
68,11,0
15,5,3
7,1,5
86,65,0
78,61,2
28,60,1
94,5,5
19,11,4
52,8,1
21,57,5
40,70,2
81,71,3
72,22,3
45,5,1
64,18,2
37,1,2
3,8,3
14,17,2
74,68,3
66,64,1
46,6,2
38,2,2
51,84,0
98,16,5
35,76,3
82,8,5
15,18,1
1,83,4
7,14,4
48,15,5
67,65,2
59,61,2
91,13,1
9,60,3
83,9,0
28,73,0
41,12,3
60,25,0
5,89,2
52,21,0
25,4,0
44,17,1
2,20,1
81,84,5
54,67,2
20,74,0
39,87,0
45,18,5
37,14,1
89,24,4
96,69,5
55,31,3
79,16,3
71,12,3
90,25,1
35,89,3
68,86,3
29,15,3
21,11,5
40,24,2
92,71,4
77,91,5
69,87,4
42,70,5
80,96,3
41,25,2
27,90,1
33,21,3
93,35,4
85,31,2
10,37,5
51,38,1
2,33,4
54,80,1
95,81,4
67,19,3
4,79,5
72,97,5
97,41,3
64,93,2
70,24,5
89,37,5
17,18,2
36,31,2
55,44,0
28,27,2
46,81,2
5,43,2
38,77,1
57,90,4
63,21,5
68,99,2
29,28,4
7,89,0
81,38,5
73,34,0
58,91,0
91,88,4
42,83,4
61,96,0
0,86,1
74,35,1
85,44,4
32,38,1
43,47,4
95,94,2
87,90,3
34,84,3
67,32,5
53,97,4
4,92,1
45,93,2
17,31,1
28,40,2
88,91,5
46,94,3
62,38,0
81,51,3
73,47,3
20,41,2
83,97,5
75,93,2
22,1,5
96,36,2
33,96,1
84,98,0
16,43,0
35,56,4
1,63,1
77,58,1
42,37,4
19,53,5
93,2,2
30,62,3
63,96,0
54,47,4
31,63,5
4,46,1
72,64,4
23,59,2
97,8,0
89,4,5
76,70,0
82,1,1
15,60,5
48,8,0
40,4,5
81,5,3
26,69,2
92,51,3
6,11,5
50,54,2
91,55,1
42,50,0
8,57,2
27,70,5
0,53,0
19,66,0
93,15,3
11,62,2
32,5,4
84,52,4
35,10,0
95,61,4
1,17,3
53,64,1
4,59,1
45,60,1
56,69,0
77,12,3
22,76,3
28,7,2
14,72,4
46,61,3
5,23,4
38,57,0
49,66,1
68,79,2
15,73,3
62,5,2
81,18,5
26,82,4
73,14,0
31,17,0
23,13,5
94,73,2
41,67,2
74,15,2
11,75,2
43,27,4
35,23,4
1,30,4
64,86,5
37,69,0
56,82,3
17,11,3
9,7,4
50,8,1
22,89,1
77,25,1
69,21,4
19,20,5
79,71,2
98,84,4
71,67,3
82,76,0
40,79,0
6,86,3
39,34,4
4,13,0
23,26,0
83,77,0
75,73,5
60,93,0
25,72,5
46,15,4
65,28,1
10,92,0
16,23,1
76,37,2
49,20,3
68,33,1
86,87,4
18,32,1
78,83,2
58,25,2
69,34,1
42,17,4
55,99,4
61,30,5
47,95,5
5,98,1
82,89,0
29,83,1
95,28,0
6,99,0
12,30,2
64,40,1
22,43,1
14,39,4
33,89,3
25,85,2
66,86,0
85,99,0
65,41,4
38,24,1
7,36,3
59,83,5
42,30,5
83,31,4
0,33,3
41,34,1
52,43,5
44,39,4
29,96,0
95,41,1
62,93,5
87,37,4
45,40,0
64,53,3
22,56,5
66,99,2
38,37,1
79,38,2
98,51,5
16,98,2
90,47,5
82,43,4
7,49,0
40,46,1
6,53,1
92,93,2
9,95,1
75,40,4
94,53,3
41,47,1
33,43,1
52,56,1
93,57,3
10,59,0
2,55,5
76,4,3
34,44,4
37,49,5
70,46,4
69,1,1
55,66,3
47,62,5
5,65,0
21,46,4
40,59,3
72,11,0
93,70,4
85,66,1
65,8,1
57,4,1
2,68,2
43,69,5
35,65,5
15,7,4
1,72,4
86,67,3
70,59,1
89,72,5
17,53,5
94,7,1
60,14,3
5,78,4
63,56,5
29,63,4
62,60,1
39,76,2
31,72,4
37,3,1
64,20,3
56,16,3
3,10,5
85,79,5
13,60,1
38,4,0
79,5,3
51,86,3
98,18,5
71,1,2
1,85,1
7,16,0
48,17,2
59,63,4
92,60,3
58,67,1
91,15,1
77,80,1
83,11,3
75,7,1
61,72,5
60,27,3
25,6,3
2,22,5
81,86,2
34,11,3
67,8,4
86,21,3
31,85,0
37,16,4
78,17,4
23,81,0
70,13,0
55,33,1
96,71,2
88,67,0
13,73,0
79,18,3
24,82,4
76,92,5
82,23,4
48,30,4
21,13,1
40,26,0
77,93,3
50,76,4
61,85,3
80,98,5
0,75,0
19,88,4
25,19,4
93,37,1
11,84,3
51,40,3
43,36,3
87,79,2
67,21,0
12,85,1
53,86,2
59,17,3
4,81,5
23,94,4
64,95,3
70,26,2
89,39,0
17,20,2
36,33,3
55,46,4
96,84,1
46,83,1
65,96,3
38,79,1
49,88,0
73,36,1
39,43,3
91,90,4
83,86,3
8,92,3
94,95,1
66,33,4
52,98,0
13,27,4
24,36,1
43,49,1
16,32,5
35,45,4
59,30,3
92,27,1
37,91,3
17,33,4
3,98,0
28,42,0
69,43,4
80,52,5
5,58,4
38,92,4
82,98,0
62,40,5
81,53,0
54,36,0
20,43,4
39,56,3
12,39,4
31,52,4
23,48,2
83,99,5
88,34,2
33,98,4
24,49,3
1,65,3
34,99,2
58,47,5
50,43,2
19,55,5
63,98,2
51,7,5
54,49,0
95,50,0
4,48,4
97,10,3
47,9,3
46,50,5
65,63,3
38,46,2
76,72,4
15,62,1
40,6,0
7,58,4
26,71,3
81,7,0
73,3,3
6,13,1
39,10,4
50,56,4
91,57,3
42,52,3
94,62,4
27,72,4
0,55,4
74,4,4
19,68,0
93,17,2
85,13,2
43,16,2
35,12,1
95,63,5
87,59,0
67,1,3
34,53,5
4,61,1
45,62,3
64,75,5
56,71,2
3,65,1
22,78,4
14,74,2
98,73,1
49,68,3
15,75,0
62,7,4
7,71,4
54,3,4
73,16,2
20,10,3
23,15,2
33,65,3
52,78,1
13,7,2
32,20,4
24,16,1
16,12,0
35,25,3
76,26,5
68,22,4
1,32,0
45,75,0
56,84,3
77,27,5
50,10,5
55,88,1
61,19,3
79,73,3
11,18,5
71,69,2
90,82,0
29,72,3
48,85,4
95,17,1
40,81,2
12,19,0
31,32,2
4,15,4
64,29,1
88,14,3
33,78,3
52,91,3
25,74,4
93,92,5
38,13,0
51,95,3
57,26,3
2,90,3
76,39,3
49,22,2
10,94,4
26,38,1
59,72,3
92,20,1
58,27,2
70,81,2
89,94,0
50,23,5
42,19,5
28,84,2
47,97,4
8,26,2
27,39,3
19,35,1
82,91,3
48,98,4
21,81,5
40,94,5
87,26,4
53,33,2
37,25,2
14,41,2
88,27,0
25,87,4
32,95,1
98,40,2
49,35,1
90,36,5
15,42,2
7,38,0
26,51,1
59,85,5
18,47,3
78,98,1
70,94,4
9,84,5
83,33,2
0,35,1
41,36,1
52,45,3
84,34,2
10,48,2
2,44,1
21,94,4
20,98,0
86,43,0
56,51,1
3,45,5
89,48,2
22,58,5
13,95,4
71,36,1
90,49,4
6,55,2
9,97,1
75,42,5
41,49,0
33,45,2
52,58,5
93,59,3
85,55,0
10,61,1
76,6,3
68,2,5
67,43,4
18,1,3
78,52,5
70,48,0
55,68,5
28,51,4
27,6,2
71,49,1
63,45,2
82,58,5
29,52,0
48,65,2
40,61,4
72,13,4
64,9,0
14,8,4
66,55,0
32,62,2
35,67,1
1,74,1
67,56,2
91,4,3
36,68,2
77,69,4
47,77,1
94,9,0
0,2,0
80,74,0
41,3,4
60,16,4
52,12,5
44,8,4
73,71,4
53,13,1
20,65,4
86,10,2
37,5,5
23,70,1
97,19,3
22,25,2
14,21,0
74,72,3
32,75,2
24,71,0
98,20,5
43,84,1
16,67,5
71,3,0
35,80,4
1,87,1
48,19,1
40,15,3
6,22,0
17,68,3
83,13,0
69,78,2
75,9,1
80,87,2
19,77,4
93,26,5
52,25,1
44,21,3
39,91,2
31,87,1
78,19,3
23,83,4
88,69,3
13,75,4
5,34,0
46,72,1
65,85,0
71,16,5
16,80,2
57,81,5
63,12,1
29,19,2
26,93,2
92,75,3
50,78,3
61,87,4
27,94,0
0,77,3
74,26,5
19,90,1
85,35,3
30,99,3
51,42,3
2,37,4
1,41,5
87,81,0
12,87,1
59,19,5
4,83,2
70,28,4
36,35,1
9,18,1
47,44,2
5,47,2
46,85,2
65,98,5
38,81,0
57,94,4
49,90,3
21,28,4
7,93,4
31,41,4
0,90,0
74,39,0
11,99,1
32,42,2
43,51,3
16,34,0
35,47,1
1,54,3
87,94,0
34,88,2
45,97,2
92,29,5
37,93,4
9,31,4
77,49,0
28,44,2
69,45,1
80,54,0
27,48,4
62,42,1
39,58,0
12,41,5
75,97,1
96,40,4
55,2,3
13,42,2
25,96,3
5,1,5
24,51,3
16,47,1
76,61,4
67,98,4
26,60,3
6,2,1
58,49,2
50,45,4
27,61,1
0,44,4
93,6,1
11,53,2
85,2,3
84,43,2
35,1,2
95,52,2
1,8,1
12,54,4
4,50,1
72,68,0
23,63,5
89,8,5
36,2,0
22,67,1
5,14,5
76,74,1
68,70,1
81,9,5
26,73,3
18,69,3
39,12,0
31,8,0
91,59,5
42,54,4
0,57,1
19,70,0
11,66,0
24,5,4
84,56,3
35,14,4
95,65,5
1,21,3
53,68,2
45,64,5
37,60,1
56,73,4
58,3,4
3,67,0
22,80,0
28,11,5
69,12,2
14,76,2
61,8,5
49,70,2
90,71,5
62,9,2
48,74,3
81,22,4
73,18,5
18,82,3
20,12,3
39,25,4
75,64,5
96,7,5
88,3,3
33,67,5
52,80,2
13,9,2
44,76,0
24,18,0
65,19,3
57,15,5
2,79,1
34,68,0
26,27,5
92,9,1
37,73,3
78,74,0
97,87,2
3,80,4
77,29,1
50,12,3
69,25,2
42,8,4
14,89,2
61,21,0
8,15,5
0,11,5
19,24,1
11,20,4
98,88,2
90,84,0
82,80,4
29,74,0
48,87,0
87,15,5
6,90,5
12,21,3
72,35,5
23,30,1
64,31,3
75,77,1
22,34,0
44,89,5
57,28,4
49,24,3
15,31,4
7,27,4
26,40,2
78,87,3
89,96,4
50,25,4
36,90,3
42,21,5
28,86,5
47,99,4
94,31,4
0,24,4
60,38,1
11,33,3
81,97,1
72,48,4
64,44,1
22,47,0
14,43,4
66,90,4
13,84,5
32,97,4
79,29,1
98,42,2
49,37,3
16,89,4
15,44,3
7,40,3
18,49,4
59,87,5
17,90,0
83,35,2
94,44,2
52,47,0
25,30,2
34,35,0
45,44,3
12,96,5
89,50,5
14,56,3
13,97,4
71,38,2
29,41,2
48,54,2
40,50,4
92,97,1
72,2,3
42,96,2
75,44,4
41,51,1
33,47,5
93,61,0
44,56,2
10,63,2
2,59,0
68,4,2
67,45,3
86,58,5
18,3,2
89,63,2
17,44,5
36,57,1
55,70,5
28,53,5
47,66,3
27,8,4
71,51,3
30,13,2
29,54,4
81,64,0
53,2,1
72,15,3
56,7,4
22,14,5
74,61,2
93,74,0
85,70,5
24,60,0
98,9,1
43,73,4
35,69,1
15,11,5
26,20,1
67,58,4
18,16,0
17,57,0
91,6,4
69,67,4
80,76,2
41,5,0
60,18,4
44,10,4
2,13,3
62,64,1
81,77,0
12,63,4
45,11,5
37,7,1
23,72,5
14,23,1
32,77,5
16,69,2
35,82,1
82,14,2
48,21,0
92,64,0
6,24,1
77,84,3
69,80,4
42,63,3
75,11,0
8,70,0
93,28,3
25,10,0
54,73,2
95,74,2
67,12,4
12,76,0
72,90,1
78,21,4
23,85,2
97,34,4
36,24,5
28,20,1
46,74,0
65,87,5
38,70,5
76,96,3
68,92,2
29,21,1
15,86,4
21,17,3
40,30,5
81,31,4
26,95,0
92,77,4
58,84,2
50,80,3
91,81,0
42,76,2
8,83,1
0,79,3
19,92,5
66,24,3
51,44,4
24,27,0
84,78,4
87,83,1
34,77,3
45,86,4
70,30,0
77,38,3
9,20,4
28,33,4
80,43,5
98,97,4
15,99,1
21,30,0
62,31,2
7,95,3
81,44,2
39,47,5
31,43,0
23,39,1
83,90,1
94,99,5
0,92,3
66,37,2
13,31,4
24,40,3
76,50,1
87,96,2
1,56,4
92,31,3
77,51,1
61,43,0
80,56,2
27,50,3
30,55,5
54,40,0
73,53,3
4,39,3
23,52,2
97,1,5
75,99,3
55,4,4
5,3,1
65,54,4
57,50,0
68,59,4
48,1,0
6,4,2
58,51,4
50,47,4
42,43,3
0,46,5
30,68,0
84,45,1
43,7,5
35,3,3
95,54,4
1,10,1
87,50,1
4,52,2
78,1,0
45,53,4
77,5,2
88,51,1
14,65,5
46,54,4
38,50,3
57,63,3
49,59,1
15,66,5
7,62,3
81,11,4
26,75,0
18,71,3
20,1,3
23,6,4
42,56,0
75,53,5
94,66,0
0,59,3
74,8,3
11,68,4
52,69,5
84,58,0
76,17,1
95,67,2
87,63,1
45,66,0
64,79,1
56,75,2
97,76,0
58,5,4
77,18,3
50,1,4
69,14,4
14,78,5
38,63,4
30,22,0
71,60,3
82,69,5
48,76,2
73,20,0
31,23,2
23,19,3
75,66,4
94,79,0
96,9,0
41,73,1
60,86,4
33,69,4
88,5,3
52,82,2
25,65,4
44,78,2
65,21,1
2,81,2
76,30,1
15,20,2
86,80,4
18,25,5
58,18,2
70,72,4
89,85,4
50,14,4
36,79,5
55,92,4
47,88,5
8,17,1
27,30,0
19,26,5
5,91,4
11,22,3
71,73,0
84,12,2
29,76,2
48,89,1
12,23,2
4,19,1
72,37,3
64,33,0
56,29,1
22,36,3
96,22,4
33,82,4
74,83,3
66,79,5
38,17,2
57,30,1
98,31,3
49,26,5
15,33,2
7,29,5
26,42,1
86,93,1
18,38,4
89,98,5
17,79,5
9,75,3
28,88,0
94,33,1
41,27,1
60,40,4
44,32,5
63,82,0
84,25,0
21,85,1
62,86,1
81,99,0
34,24,3
31,98,1
37,29,0
56,42,5
3,36,5
22,49,4
66,92,1
13,86,3
32,99,2
38,30,4
16,91,2
7,42,1
92,86,4
17,92,3
91,41,3
58,93,0
9,88,2
75,33,1
94,46,0
61,98,4
41,40,1
60,53,3
52,49,0
93,50,4
44,45,3
2,48,0
62,99,3
34,37,4
67,34,3
86,47,4
37,42,5
4,94,0
3,49,3
36,46,3
96,97,2
47,55,3
80,3,1
79,44,4
82,49,3
40,52,4
72,4,0
42,98,3
22,3,0
93,63,0
85,59,2
32,53,1
65,1,5
51,66,4
76,10,1
43,62,5
68,6,1
67,47,0
86,60,5
59,43,3
17,46,2
28,55,4
47,68,4
19,6,1
5,71,3
63,49,5
21,52,2
62,53,4
81,66,3
72,17,5
64,13,0
56,9,0
14,12,1
85,72,4
13,53,5
32,66,1
51,79,3
98,11,2
43,75,1
82,3,4
1,78,0
59,56,3
17,59,5
28,68,1
61,65,2
80,78,3
60,20,1
5,84,3
52,16,2
2,15,4
81,79,0
73,75,4
39,82,3
12,65,0
37,9,1
23,74,2
97,23,2
3,16,1
89,19,0
14,25,2
96,64,2
47,22,4
79,11,4
65,76,0
16,71,1
63,3,1
68,81,4
1,91,0
48,23,3
92,66,1
77,86,2
50,69,3
41,20,1
25,12,4
85,26,5
51,33,3
43,29,5
84,67,4
54,75,1
20,82,5
59,10,5
4,74,0
23,87,5
64,88,0
70,19,0
97,36,4
89,32,5
17,13,4
36,26,3
96,77,3
88,73,1
46,76,4
5,38,1
65,89,2
63,16,4
76,98,0
49,81,3
68,94,0
7,84,3
40,32,0
26,97,4
18,93,5
39,36,1
91,83,4
0,81,4
60,95,2
66,26,0
93,43,2
85,39,3
13,20,5
32,33,3
51,46,0
95,89,0
53,92,0
59,23,4
45,88,5
37,84,5
3,91,2
77,40,1
9,22,2
80,45,1
38,85,0
79,86,4
98,99,2
49,94,4
54,29,4
73,42,3
20,36,5
39,49,3
91,96,3
75,88,3
66,39,5
32,46,5
65,43,2
16,38,2
76,52,2
1,58,4
92,33,1
37,97,4
58,40,3
69,49,1
61,45,1
80,58,3
27,52,5
79,99,4
11,44,2
62,46,3
95,43,3
20,49,4
31,58,5
4,41,2
23,54,4
55,6,5
96,44,1
47,2,2
46,43,0
65,56,2
38,39,2
76,65,3
15,55,5
26,64,1
58,53,3
50,49,0
91,50,4
42,45,1
8,52,3
94,55,0
27,65,3
0,48,0
30,70,0
1,12,0
34,46,2
53,59,3
4,54,4
45,55,3
64,68,0
28,2,2
14,67,5
46,56,0
38,52,5
49,61,1
90,62,2
7,64,0
31,12,5
83,59,5
94,68,3
0,61,5
66,6,0
52,71,1
65,10,4
84,60,1
16,5,4
87,65,2
1,25,1
53,72,5
37,64,5
56,77,0
58,7,1
77,20,0
22,84,4
50,3,3
69,16,5
14,80,3
80,25,3
27,19,4
79,66,0
63,58,0
29,65,1
48,78,1
54,9,4
20,16,1
6,81,3
23,21,4
64,22,1
96,11,2
41,75,4
33,71,5
52,84,5
25,67,2
93,85,1
85,81,1
46,10,2
65,23,0
38,6,1
51,88,3
57,19,1
49,15,3
68,28,0
15,22,0
7,18,5
26,31,4
59,65,2
97,91,2
70,74,4
36,81,4
42,12,1
55,94,2
28,77,2
61,25,3
47,90,0
8,19,4
94,22,0
27,32,0
19,28,2
5,93,0
11,24,2
30,37,4
63,71,3
82,84,5
29,78,3
48,91,1
40,87,0
6,94,5
34,13,4
4,21,5
64,35,0
88,20,2
93,98,4
85,94,3
38,19,3
24,84,2
43,97,1
49,28,0
90,29,1
7,31,2
67,82,0
18,40,5
78,91,4
17,81,4
91,30,3
9,77,5
75,22,1
0,28,1
60,42,2
52,38,2
44,34,1
10,41,2
21,87,4
62,88,3
87,32,0
54,84,0
20,91,5
56,44,3
97,45,2
3,38,3
89,41,4
22,51,3
14,47,3
